epoch,step,test_acc,train_loss,val_acc,val_loss
0,249,,,0.9539228081703186,0.1274215430021286
0,249,,0.2747407853603363,,
1,250,0.957524299621582,,,
