epoch,step,test_acc,train_loss,val_acc,val_loss
0,249,,,0.9489414691925049,0.14495864510536194
0,249,,0.2645913362503052,,
1,250,0.9502426981925964,,,
