epoch,step,test_acc,train_loss,val_acc,val_loss
0,249,,,0.9489414691925049,0.12619653344154358
0,249,,0.2671401798725128,,
1,250,0.9623786211013794,,,
