epoch,step,test_acc,train_loss,val_acc,val_loss
0,249,,,0.9589040875434875,0.1323193609714508
0,249,,0.2893419861793518,,
1,250,0.9538834691047668,,,
